Course,Link
"
HTML দিয়ে শুরু
",http://www.artofcse.com/courses/7/basic-html
"
CSS এ হাতে খড়ি
",http://www.artofcse.com/courses/8/basic-css
"
PSD থেকে HTML তেরি
",http://www.artofcse.com/courses/9/psd-to-html
"
Twitter Bootstrap এর ব্যবহার
",http://www.artofcse.com/courses/10/twitter-bootstrap
"
Wordpress এর ব্যবহার
",http://www.artofcse.com/courses/11/basic-wordpress
"
Worpress এর থিম তৈরি
",http://www.artofcse.com/courses/12/worpress-theme-development
"
cPanel এর ব্যবহার
",http://www.artofcse.com/courses/13/cpanel-tutorial
"
PHP এর হাতে খড়ি
",http://www.artofcse.com/courses/14/basic-php
"
Web Development with PHP
",http://www.artofcse.com/courses/15/web-development-with-php
"
Object Oriented PHP
",http://www.artofcse.com/courses/16/object-oriented-php
"
Laravel Framework
",http://www.artofcse.com/courses/17/laravel-framework
"
Python Programming
",http://www.artofcse.com/courses/18/python-programming
